[{"id":"user-image-bbvv.jpg","publicUrl":"np://user.desktop.nicepage.com/Site_53592731/images/bbvv.jpg","size":75920,"hash":"jut9MEIvlNSDF7WchAVNV8jkVTY=","fileName":"bbvv.jpg","name":"bbvv","width":1080,"height":1080,"thumbnail":{"url":"np://user.desktop.nicepage.com/Site_53592731/images/thumbnails/bbvv.jpg","width":250,"height":250},"originalUrl":"//images01.nicepagecdn.com/c461c07a441a5d220e8feb1a/f824cae7c99e5fb28616e644/bbvv.jpg","usages":["10810501"]},{"id":"user-image-jhj.jpg","publicUrl":"np://user.desktop.nicepage.com/Site_53592731/images/jhj.jpg","size":100320,"hash":"DJ7Pqa1FRJpmqRJuH0p8Ppyfzlw=","fileName":"jhj.jpg","name":"jhj","width":1080,"height":1080,"thumbnail":{"url":"np://user.desktop.nicepage.com/Site_53592731/images/thumbnails/jhj.jpg","width":250,"height":250},"originalUrl":"//images01.nicepagecdn.com/c461c07a441a5d220e8feb1a/b4d6367cf7315825bd09b74b/jhj.jpg","usages":["10810501"]},{"id":"user-image-ddf.jpg","publicUrl":"np://user.desktop.nicepage.com/Site_53592731/images/ddf.jpg","size":156852,"hash":"ycbD428GfpE7cbV7Y6PFn57eO8A=","fileName":"ddf.jpg","name":"ddf","width":920,"height":920,"thumbnail":{"url":"np://user.desktop.nicepage.com/Site_53592731/images/thumbnails/ddf.jpg","width":250,"height":250},"originalUrl":"//images01.nicepagecdn.com/c461c07a441a5d220e8feb1a/10873e65b74f50989d031dbd/ddf.jpg","usages":["10810501"]},{"id":"user-image-197484.png","publicUrl":"np://user.desktop.nicepage.com/Site_53592731/images/197484.png","size":5713,"hash":"gtzKOW2pOlogX5NW6J3GhShw7qY=","fileName":"197484.png","name":"197484","width":128,"height":128,"thumbnail":{"url":"np://user.desktop.nicepage.com/Site_53592731/images/thumbnails/197484.png","width":128,"height":128,"length":5713,"type":"png"},"usages":["10810501"]},{"id":"user-image-197430.png","publicUrl":"np://user.desktop.nicepage.com/Site_53592731/images/197430.png","size":4376,"hash":"t8XWtHIhyIOV1YFEITukl/D5e8M=","fileName":"197430.png","name":"197430","width":128,"height":128,"thumbnail":{"url":"np://user.desktop.nicepage.com/Site_53592731/images/thumbnails/197430.png","width":128,"height":128,"length":4376,"type":"png"},"usages":["10810501"]},{"id":"user-image-197374.png","publicUrl":"np://user.desktop.nicepage.com/Site_53592731/images/197374.png","size":4839,"hash":"1ubZ2O1ZPDnC4PPUH0sYDTGtNlA=","fileName":"197374.png","name":"197374","width":128,"height":128,"thumbnail":{"url":"np://user.desktop.nicepage.com/Site_53592731/images/thumbnails/197374.png","width":128,"height":128,"length":4839,"type":"png"},"usages":["10810501"]},{"id":"user-image-9993620.png","publicUrl":"np://user.desktop.nicepage.com/Site_53592731/images/9993620.png","size":8101,"hash":"dYYAaftopRjFioLDHHFJ6O/wI0s=","fileName":"9993620.png","name":"9993620","width":128,"height":128,"thumbnail":{"url":"np://user.desktop.nicepage.com/Site_53592731/images/thumbnails/9993620.png","width":128,"height":128,"length":8101,"type":"png"},"usages":["10810501"]},{"id":"user-image-197593.png","publicUrl":"np://user.desktop.nicepage.com/Site_53592731/images/197593.png","size":2865,"hash":"ne2ztWkejOTXNlwgzG5Xq0rscCU=","fileName":"197593.png","name":"197593","width":128,"height":128,"thumbnail":{"url":"np://user.desktop.nicepage.com/Site_53592731/images/thumbnails/197593.png","width":128,"height":128,"length":2865,"type":"png"},"usages":["10810501"]},{"id":"user-image-197375.png","publicUrl":"np://user.desktop.nicepage.com/Site_53592731/images/197375.png","size":5191,"hash":"Cwp/qFu8ApUVdxQGW9qhkEF9Vqs=","fileName":"197375.png","name":"197375","width":128,"height":128,"thumbnail":{"url":"np://user.desktop.nicepage.com/Site_53592731/images/thumbnails/197375.png","width":128,"height":128,"length":5191,"type":"png"},"usages":["10810501"]},{"id":"user-image-2440959.png","publicUrl":"np://user.desktop.nicepage.com/Site_53592731/images/2440959.png","size":1966,"hash":"Arh7vuIxF2wYXJUUd2KUR91+Jko=","fileName":"2440959.png","name":"2440959","width":128,"height":128,"thumbnail":{"url":"np://user.desktop.nicepage.com/Site_53592731/images/thumbnails/2440959.png","width":128,"height":128,"length":1966,"type":"png"},"usages":["10810501"]}]